Join_Count,TARGET_FID,Class_name,Classvalue,Block,Plot,Fire,Rodents,Shape_Length,Shape_Area,Year
1,187,disk,4,5,BR,B,R,55.00464231,22.56178615,2016
1,224,mound,5,5,BR,B,R,1.714432055,0.20191884,2016
1,801,disk,4,5,UR,U,R,25.02482325,9.896303345,2016
1,842,mound,5,5,UR,U,R,1.169980389,0.08321326,2016
1,1131,disk,4,5,UR,U,R,13.39590424,1.482590875,2016
1,1215,mound,5,5,UR,U,R,1.558322412,0.09620949,2016
1,1283,disk,4,5,UN,U,N,26.11190348,5.624934385,2016
1,1284,mound,5,5,UN,U,N,1.793653853,0.12207267,2016
1,1785,mound,5,5,UN,U,N,2.218565861,0.171908046,2016
1,1821,mound,5,5,UN,U,N,2.763344686,0.504783261,2016
1,1873,mound,5,5,UN,U,N,1.488455082,0.14936948,2016
1,1874,mound,5,5,UN,U,N,2.58222822,0.386745555,2016
1,1875,disk,4,5,UN,U,N,42.44908295,12.38390983,2016
1,3129,mound,5,5,UR,U,R,1.404040228,0.11117241,2016
1,3145,mound,5,5,UR,U,R,3.33378141,0.326751665,2016
1,3243,mound,5,5,UR,U,R,4.220431319,0.643894505,2016
1,3261,mound,5,5,BN,B,N,1.729339618,0.206667855,2016
1,3262,disk,4,5,BN,B,N,13.58328553,5.199788615,2016
1,3340,disk,4,5,UR,U,R,62.37197969,37.8333268,2016
1,3360,mound,5,5,BN,B,N,1.333395853,0.09619102,2016
1,3361,mound,5,5,BN,B,N,3.354697574,0.52926267,2016
1,3362,disk,4,5,BN,B,N,24.88495448,9.877207564,2016
1,4648,disk,4,5,BN,B,N,11.71802108,0.746597096,2016
1,6456,mound,5,4,BN,B,N,3.578211747,0.29537557,2016
1,6457,mound,5,4,BN,B,N,1.636209166,0.094120905,2016
1,6458,mound,5,4,BN,B,N,1.666104933,0.16642837,2016
1,6459,mound,5,4,BN,B,N,2.563573591,0.32335503,2016
1,6460,disk,4,4,BN,B,N,35.79192764,11.18950553,2016
1,8002,mound,5,4,UN,U,N,2.445117035,0.19645394,2016
1,8007,disk,4,4,UN,U,N,29.1681466,8.193756056,2016
1,8027,mound,5,4,UN,U,N,3.099033725,0.29198262,2016
1,8028,disk,4,4,UN,U,N,20.29376661,6.909928156,2016
1,8056,mound,5,4,UN,U,N,1.687767105,0.11460044,2016
1,9250,mound,5,4,BR,B,R,1.280501304,0.100242605,2016
1,9251,disk,4,4,BR,B,R,8.480596505,1.90860265,2016
1,9918,disk,4,4,BN,B,N,10.35533827,0.421197646,2016
1,10134,mound,5,4,BN,B,N,1.525290057,0.11460598,2016
1,10135,disk,4,4,BN,B,N,6.363816662,0.723015555,2016
1,10547,mound,5,4,BR,B,R,1.987756751,0.226470275,2016
1,10548,mound,5,4,BR,B,R,4.121638592,0.814422471,2016
1,10549,disk,4,4,BR,B,R,36.17898746,18.619311,2016
1,10603,mound,5,4,BR,B,R,2.486069755,0.115963895,2016
1,10790,mound,5,4,BR,B,R,4.555505325,0.55520895,2016
1,10808,mound,5,4,BR,B,R,2.147104373,0.25717111,2016
1,10809,mound,5,4,BR,B,R,2.495046525,0.358109295,2016
1,10810,disk,4,4,BR,B,R,37.78265021,25.09061763,2016
1,10995,mound,5,3,UR,U,R,5.633721047,0.413985116,2016
1,10999,mound,5,3,UR,U,R,2.808473439,0.20256456,2016
1,11000,disk,4,3,UR,U,R,27.72140487,9.58716582,2016
1,11476,mound,5,3,BR,B,R,2.573979619,0.334216505,2016
1,11477,disk,4,3,BR,B,R,16.56681038,7.219635686,2016
1,11565,mound,5,3,BR,B,R,4.128467792,0.352644389,2016
1,11566,mound,5,3,BR,B,R,1.830353571,0.229863215,2016
1,11567,disk,4,3,BR,B,R,42.09974102,9.689550532,2016
1,11569,mound,5,3,BR,B,R,1.438315902,0.072995655,2016
1,11646,disk,4,3,BR,B,R,3.030958255,0.14576547,2016
1,12196,mound,5,3,BN,B,N,1.042811826,0.072320395,2016
1,12197,disk,4,3,BN,B,N,11.90308737,4.85531572,2016
1,14556,mound,5,3,BR,B,R,3.173946079,0.298084009,2016
1,14565,disk,4,3,BR,B,R,34.98390937,13.21421612,2016
1,14709,mound,5,3,BR,B,R,2.288998969,0.22373967,2016
1,14710,disk,4,3,BR,B,R,27.34564452,8.568826384,2016
1,15370,mound,5,3,BN,B,N,2.174526114,0.320596725,2016
1,15371,disk,4,3,BN,B,N,15.35979388,4.71351081,2016
1,16201,mound,5,3,UN,U,N,1.37644272,0.11797307,2016
1,16202,disk,4,3,UN,U,N,22.98812455,7.014407012,2016
1,17670,disk,4,2,BR,B,R,16.86280541,5.508182581,2016
1,17701,mound,5,2,BR,B,R,2.746697641,0.351952505,2016
1,18216,mound,5,2,BR,B,R,1.736226822,0.122113295,2016
1,18217,mound,5,2,BR,B,R,1.903388255,0.135734925,2016
1,18313,mound,5,2,BR,B,R,1.777229191,0.075739195,2016
1,18314,mound,5,2,BR,B,R,2.384293153,0.19850559,2016
1,18421,mound,5,2,BR,B,R,3.114592583,0.415422445,2016
1,18422,disk,4,2,BR,B,R,153.6141436,50.29353658,2016
1,18553,mound,5,2,BR,B,R,2.205861689,0.11525908,2016
1,18620,mound,5,2,BR,B,R,2.075537476,0.25170436,2016
1,18774,mound,5,2,BR,B,R,1.995846993,0.177371105,2016
1,18775,mound,5,2,BR,B,R,2.159595267,0.32875345,2016
1,18857,disk,4,2,BR,B,R,17.82688332,2.903846417,2016
1,18898,mound,5,2,BR,B,R,1.688924585,0.144611235,2016
1,19610,disk,4,2,UN,U,N,37.28354497,11.41725984,2016
1,19738,mound,5,2,UN,U,N,1.670876957,0.113248065,2016
1,19771,mound,5,2,BN,B,N,2.558328174,0.32263914,2016
1,19772,disk,4,2,BN,B,N,25.48412612,9.386038525,2016
1,19912,mound,5,2,UN,U,N,3.143859101,0.193723335,2016
1,19913,mound,5,2,UN,U,N,1.61790221,0.1820998,2016
1,19914,disk,4,2,UN,U,N,32.67584318,10.99521589,2016
1,20383,mound,5,2,BR,B,R,2.498573716,0.40451295,2016
1,20384,disk,4,2,BR,B,R,25.24400511,14.15408758,2016
1,21036,mound,5,1,UR,U,R,7.068333515,0.511668866,2016
1,21037,disk,4,1,UR,U,R,46.0672224,15.39240311,2016
1,21071,mound,5,1,UR,U,R,1.47341172,0.08048081,2016
1,21138,mound,5,1,BN,B,N,2.496117285,0.263942215,2016
1,21145,mound,5,1,BN,B,N,2.462312837,0.27694768,2016
1,21146,disk,4,1,BN,B,N,19.65950082,6.759802156,2016
1,21158,disk,4,1,BN,B,N,2.072466969,0.130945285,2016
1,21737,mound,5,1,UR,U,R,2.778921137,0.43174882,2016
1,21738,disk,4,1,UR,U,R,24.56074273,4.390851359,2016
1,22048,mound,5,1,UR,U,R,2.290280271,0.133028325,2016
1,22049,mound,5,1,UR,U,R,1.679957167,0.14459831,2016
1,22050,disk,4,1,UR,U,R,46.88164612,11.2687891,2016
1,22289,mound,5,1,BN,B,N,3.763583578,0.354699729,2016
1,22290,mound,5,1,BN,B,N,1.927793825,0.167149805,2016
1,22291,disk,4,1,BN,B,N,28.4195982,10.77692412,2016
2,22980,disk,4,1,UR,U,R,30.66249253,8.72646391,2016
1,22991,mound,5,1,UN,U,N,2.511799915,0.169201451,2016
1,22992,mound,5,1,UN,U,N,1.370243547,0.10641232,2016
1,23600,disk,4,1,BR,B,R,31.01486171,10.54366466,2016
1,23788,disk,4,1,UN,U,N,18.96363494,6.14798117,2016
1,23810,mound,5,1,UN,U,N,1.163690254,0.08390884,2016
1,24314,disk,4,1,BR,B,R,9.805257006,1.166421144,2016
1,24567,mound,5,1,BN,B,N,3.083468815,0.387428205,2016
1,24568,disk,4,1,BN,B,N,18.22752158,5.554527134,2016
1,24573,mound,5,1,BN,B,N,1.238204637,0.073691235,2016
1,24606,disk,4,1,BN,B,N,15.54169056,5.567460559,2016
1,24633,mound,5,1,BN,B,N,3.469546624,0.347858445,2016
1,24792,mound,5,1,BN,B,N,2.638616059,0.19504247,2016
1,24801,mound,5,1,BN,B,N,3.183985104,0.404464935,2016
1,24802,disk,4,1,BN,B,N,21.9666322,7.8874747,2016
1,25080,mound,5,1,BN,B,N,2.478985686,0.334913931,2016
1,25081,disk,4,1,BN,B,N,14.59257225,5.549813215,2016
1,25445,mound,5,1,BR,B,R,2.896026364,0.335555951,2016
1,26733,mound,5,1,BR,B,R,1.991721719,0.209416925,2016
1,27278,disk,4,1,BR,B,R,31.87032271,10.9678877,2016
1,27318,mound,5,1,BR,B,R,2.73154581,0.27558053,2016
1,921,mound,3,1,BN,B,N,0.787019716,0.032077265,2021
1,1572,disk,4,1,UR,U,R,22.26808272,4.362659966,2021
1,1772,mound,3,2,UN,U,N,1.966647766,0.154296605,2021
1,2031,mound,3,5,UN,U,N,5.23663135,0.57775219,2021
1,2266,mound,3,3,BN,B,N,1.084500318,0.034129185,2021
1,2922,disk,4,1,UR,U,R,39.52496728,13.82898692,2021
1,3129,mound,3,5,UR,U,R,9.991830936,1.697072875,2021
1,3520,mound,3,2,BR,B,R,1.571530354,0.101322615,2021
1,3527,disk,4,2,BR,B,R,14.95292221,2.871989844,2021
1,6902,disk,4,3,BN,B,N,24.99299823,9.47723602,2021
1,9496,disk,4,1,UN,U,N,1.86077551,0.14108496,2021
1,9629,mound,3,1,BN,B,N,3.003220136,0.409206535,2021
1,9824,disk,4,2,UR,U,R,16.15796913,5.217786159,2021
1,11166,mound,3,3,BN,B,N,2.896804238,0.327718305,2021
1,11963,disk,4,1,UR,U,R,32.2489946,14.80811295,2021
1,12126,disk,4,2,UR,U,R,6.903037784,0.730381685,2021
1,12409,disk,4,1,BN,B,N,33.98486427,12.56071418,2021
1,14099,disk,4,2,BR,B,R,20.96598948,8.6500468,2021
1,14249,mound,3,3,BR,B,R,2.349342149,0.189405995,2021
2,15106,disk,4,1,UR,U,R,37.94567005,13.41046243,2021
1,15329,disk,4,1,BN,B,N,26.02743408,7.964456996,2021
1,15469,mound,3,2,UR,U,R,1.183819603,0.059437615,2021
1,15799,mound,3,2,BR,B,R,1.862909074,0.11676715,2021
1,15928,disk,4,2,UR,U,R,36.3100537,25.46593994,2021
1,16136,mound,3,3,UR,U,R,2.301587363,0.239857485,2021
1,16788,mound,3,4,BR,B,R,1.457376491,0.066785715,2021
1,18972,mound,3,4,BN,B,N,1.262122717,0.06696878,2021
1,19681,mound,3,4,BN,B,N,4.700939479,0.549311815,2021
1,20557,mound,3,3,UR,U,R,4.465240444,0.425356195,2021
1,20983,mound,3,1,UR,U,R,5.762954341,0.38948603,2021
1,21554,disk,4,4,BR,B,R,38.46112926,21.83246312,2021
1,23310,disk,4,2,BR,B,R,17.21786454,5.172453559,2021
1,23516,disk,4,5,UN,U,N,32.57836391,13.2758203,2021
1,23770,disk,4,3,UR,U,R,27.23615986,10.82665578,2021
2,24449,mound,3,1,UR,U,R,7.92239447,1.142754484,2021
1,25147,mound,3,2,BR,B,R,1.111856628,0.069887015,2021
1,25991,mound,3,2,UR,U,R,2.711871121,0.25254082,2021
1,26070,disk,4,3,BN,B,N,19.69690562,7.15678192,2021
1,26356,disk,4,1,BN,B,N,5.906645403,0.71931885,2021
1,26377,disk,4,1,BN,B,N,24.5616412,9.743703936,2021
1,26552,disk,4,1,BN,B,N,24.6876655,7.080725591,2021
1,26958,disk,4,1,UN,U,N,17.39738634,3.10506135,2021
1,27468,mound,3,1,BN,B,N,1.104462688,0.038902275,2021
1,28768,mound,3,2,BR,B,R,1.124287711,0.06409838,2021
1,30230,mound,3,4,UN,U,N,1.466067914,0.105738435,2021
1,31602,disk,4,4,UN,U,N,20.67489198,5.21552204,2021
1,31891,mound,3,5,BR,B,R,2.062142867,0.176618146,2021
1,31927,disk,4,5,UR,U,R,68.68108292,38.45424691,2021
1,33827,mound,3,1,BN,B,N,2.780942662,0.24549741,2021
2,34911,disk,4,3,BR,B,R,30.35469968,14.82427702,2021
1,35317,mound,3,2,UN,U,N,2.229328926,0.15397837,2021
1,35366,mound,3,1,BN,B,N,3.527698973,0.375457995,2021
1,35613,mound,3,1,UR,U,R,3.091860103,0.332446685,2021
1,35898,mound,3,1,BN,B,N,2.606092481,0.251482595,2021
1,36622,mound,3,1,UR,U,R,3.467648408,0.177649835,2021
1,38148,disk,4,1,BN,B,N,23.0691259,9.608619821,2021
1,38828,disk,4,1,UR,U,R,3.633788554,0.15133053,2021
1,40222,mound,3,1,BN,B,N,2.29190751,0.1971566,2021
1,40995,mound,3,3,BN,B,N,4.986208116,0.586431521,2021
1,41805,mound,3,3,BN,B,N,1.346859223,0.07193008,2021
1,42617,mound,3,3,BR,B,R,2.441755717,0.2029416,2021
1,42791,disk,4,1,BN,B,N,20.30509061,7.23088247,2021
1,44579,mound,3,5,UR,U,R,2.921657053,0.277629805,2021
1,46958,mound,3,3,BR,B,R,2.650088663,0.159047835,2021
2,47182,disk,4,3,UR,U,R,10.22337972,1.823339351,2021
1,48006,disk,4,3,BN,B,N,9.444505911,1.391563269,2021
1,51101,mound,3,3,BR,B,R,0.941478887,0.048442205,2021
1,51351,disk,4,5,UR,U,R,8.856088083,0.67107611,2021
1,51671,mound,3,3,BN,B,N,1.701712216,0.12238366,2021
1,53924,disk,4,2,BN,B,N,12.02068524,1.941994615,2021
1,54035,disk,4,2,UN,U,N,41.40094144,17.94374451,2021
1,54645,disk,4,3,UR,U,R,37.79433545,21.29928587,2021
1,54673,disk,4,3,BN,B,N,23.27134925,6.525314195,2021
1,56470,disk,4,3,BR,B,R,27.97239596,13.7481409,2021
1,57665,mound,3,3,BN,B,N,2.101290816,0.15858714,2021
1,59208,mound,3,5,UR,U,R,0.772375363,0.027044715,2021
1,59557,disk,4,5,UR,U,R,18.67269804,3.823578144,2021
1,60556,mound,3,5,BR,B,R,1.865084976,0.097151175,2021
1,61712,mound,3,2,UN,U,N,2.540804094,0.274963235,2021
1,61753,mound,3,4,BR,B,R,3.699322806,0.460179565,2021
2,63839,disk,4,3,UR,U,R,33.75205662,17.67743,2021
2,66379,disk,4,4,UN,U,N,9.708737744,1.56467296,2021
1,68019,mound,3,4,BR,B,R,1.23912801,0.065017215,2021
1,68469,mound,3,5,UR,U,R,3.041907391,0.17315182,2021
1,70775,disk,4,2,BR,B,R,22.25447647,8.3913825,2021
1,71126,mound,3,4,UN,U,N,3.415093629,0.2685641,2021
1,71359,mound,3,5,BR,B,R,2.279839878,0.19169661,2021
1,71360,mound,3,5,UR,U,R,2.126450926,0.104455085,2021
1,71541,disk,4,5,BN,B,N,12.29344533,1.9046835,2021
1,72579,mound,3,2,UN,U,N,1.545339126,0.05128294,2021
1,72644,mound,3,5,BR,B,R,5.090829231,0.67008294,2021
1,73462,disk,4,5,UR,U,R,35.48402449,16.0073784,2021
1,74463,disk,4,4,BN,B,N,14.51801425,3.216494841,2021
1,75363,disk,4,4,BR,B,R,13.23841281,2.23492175,2021
1,75602,disk,4,4,BN,B,N,9.96190208,1.524359885,2021
1,75650,disk,4,4,BN,B,N,4.063656223,0.188327515,2021
1,75994,disk,4,1,UN,U,N,28.32791378,10.43818088,2021
1,76303,disk,4,5,BR,B,R,28.40927068,11.86280706,2021
1,77420,mound,3,2,BN,B,N,3.735465253,0.531074321,2021
1,78375,mound,3,2,BN,B,N,2.764297939,0.283676865,2021
1,78716,disk,4,4,BR,B,R,11.32932307,1.703636844,2021
1,80408,mound,3,4,BR,B,R,3.996324531,0.50536971,2021
1,80598,disk,4,5,BR,B,R,19.78898572,3.948667871,2021
2,80891,disk,4,1,UN,U,N,35.48121774,11.81310805,2021
1,81271,disk,4,4,BR,B,R,0.972573778,0.018930635,2021
1,81352,disk,4,2,BN,B,N,14.04119043,3.17561866,2021
1,82545,mound,3,4,BN,B,N,2.006675251,0.1697999,2021
1,82892,mound,3,5,UR,U,R,6.769166916,0.825543815,2021
1,82985,disk,4,1,BR,B,R,27.23963612,12.75176909,2021
1,83451,mound,3,1,UN,U,N,2.350410216,0.189775185,2021
1,83658,disk,4,1,UN,U,N,19.20482556,5.421044925,2021
1,84156,disk,4,4,BN,B,N,39.35797544,15.30401282,2021
1,85212,disk,4,4,BR,B,R,9.373765498,1.175148935,2021
1,85606,disk,4,5,BN,B,N,24.17535196,6.858807086,2021
1,85843,mound,3,2,BN,B,N,1.673897638,0.09564573,2021
1,87591,disk,4,5,UR,U,R,21.83987791,7.141429964,2021
1,89026,mound,3,1,UN,U,N,1.951440428,0.07335647,2021
2,89188,disk,4,1,UR,U,R,44.21147103,14.38453243,2021
1,89547,mound,3,4,BR,B,R,1.535666123,0.07173459,2021
1,90159,mound,3,1,BR,B,R,3.29151479,0.41239153,2021
1,90357,mound,3,2,BN,B,N,1.330697125,0.07540682,2021
1,91925,mound,3,4,UN,U,N,2.985767644,0.310120985,2021
1,92412,disk,4,5,BR,B,R,7.844099824,0.86043688,2021
1,93193,mound,3,2,UN,U,N,1.53803344,0.06826358,2021
1,93208,disk,4,2,BR,B,R,12.49208278,2.852107136,2021
1,93513,mound,3,5,BN,B,N,2.982263077,0.324961265,2021
1,94391,disk,4,2,BN,B,N,24.89495349,10.22063996,2021
1,95469,disk,4,5,BR,B,R,18.58008502,6.193523204,2021
1,96084,mound,3,1,BR,B,R,4.772318174,0.67857923,2021
1,96403,mound,3,5,BN,B,N,4.563500878,0.589351325,2021
1,96448,mound,3,4,UN,U,N,1.804968584,0.15734017,2021
1,97169,mound,3,4,BR,B,R,2.126456011,0.128130705,2021
1,97266,mound,3,5,UR,U,R,1.478001794,0.052024505,2021
1,97574,disk,4,4,UN,U,N,12.22024914,1.88878972,2021
1,97983,disk,4,2,UN,U,N,50.11494777,17.11215461,2021
1,100219,disk,4,4,UN,U,N,22.81495585,7.850089066,2021
1,100921,disk,4,2,UN,U,N,34.69068522,14.43408489,2021
1,101173,disk,4,4,UN,U,N,39.75524736,15.15663269,2021
1,101882,disk,4,4,BR,B,R,31.27184062,16.12723538,2021
1,102403,mound,3,4,BN,B,N,1.711113898,0.11747175,2021
1,103527,mound,3,2,UN,U,N,1.267752857,0.06825837,2021
1,103669,disk,4,5,UR,U,R,0.534214636,0.013754525,2021
1,104880,mound,3,2,UR,U,R,1.874158222,0.11852889,2021
1,105226,disk,4,2,UN,U,N,30.44652931,12.24569743,2021
1,106900,disk,4,1,BR,B,R,20.21007757,4.887397126,2021
1,107062,disk,4,2,BN,B,N,7.78785064,0.85021525,2021
1,107067,mound,3,1,BR,B,R,1.235325666,0.06224405,2021
2,107544,disk,4,2,BN,B,N,7.133372075,1.312223164,2021
1,107639,mound,3,1,UN,U,N,4.6526347,0.51896095,2021
1,110583,disk,4,1,UN,U,N,25.44092472,7.631169521,2021
1,110643,disk,4,4,BN,B,N,11.40705774,2.064932081,2021
1,111326,mound,3,1,UN,U,N,2.661749911,0.28374501,2021
1,112062,disk,4,1,BR,B,R,18.13779237,6.09645996,2021
1,112890,disk,4,2,UN,U,N,53.45255536,29.73132052,2021
1,114293,mound,3,2,UN,U,N,1.448704329,0.083100745,2021
1,115399,mound,3,1,BN,B,N,1.63955605,0.109927565,2021
1,115959,mound,3,4,BN,B,N,2.680715901,0.224899155,2021
1,116082,mound,3,1,UN,U,N,1.470111532,0.071782415,2021
1,116758,mound,3,2,BN,B,N,2.691505035,0.23055677,2021
1,116766,disk,4,2,BN,B,N,24.42936781,8.998210111,2021
1,116914,mound,3,1,UN,U,N,2.932604568,0.19297423,2021
1,117791,mound,3,2,UN,U,N,0.696640843,0.02659906,2021
1,118308,mound,3,2,BR,B,R,2.810722493,0.18537753,2021
2,118487,disk,4,2,BR,B,R,11.42706845,1.606721249,2021
1,119470,mound,3,2,UN,U,N,1.975426328,0.12872298,2021
1,364,mound,5,3,BR,B,R,1.385095597,0.07500488,2023
1,365,disk,4,3,BR,B,R,11.20383135,1.26667854,2023
1,610,disk,4,3,BR,B,R,12.88066942,2.044221825,2023
1,2813,mound,5,2,UR,U,R,4.156196949,0.88663958,2023
2,2814,disk,4,2,UR,U,R,110.6295856,52.56719945,2023
1,3643,mound,5,2,UR,U,R,1.204334534,0.076293115,2023
1,3644,disk,4,2,UR,U,R,21.16997173,3.810268674,2023
1,4897,mound,5,2,UN,U,N,2.290960039,0.139837975,2023
2,4898,disk,4,2,BR,B,R,126.2446422,45.57795324,2023
1,5293,mound,5,2,BR,B,R,1.278558667,0.111834015,2023
1,5294,mound,5,2,BR,B,R,1.288091256,0.10161651,2023
1,5296,disk,4,2,BR,B,R,41.60826966,15.19342795,2023
1,5661,disk,4,2,BR,B,R,11.90515836,1.941086029,2023
1,5752,mound,5,2,UN,U,N,1.17252715,0.04752015,2023
2,5781,disk,4,2,BR,B,R,20.39992484,3.09089373,2023
1,6114,mound,5,2,UN,U,N,2.378884657,0.355023575,2023
1,6115,mound,5,2,UN,U,N,3.357957712,0.47830542,2023
1,6119,disk,4,2,UN,U,N,244.0907047,110.0605121,2023
1,6534,mound,5,2,BN,B,N,1.32755999,0.12925638,2023
1,6536,disk,4,2,BN,B,N,24.44973215,13.46236167,2023
1,6754,mound,5,2,BN,B,N,2.166060178,0.193710155,2023
1,6755,mound,5,2,BN,B,N,1.239645425,0.11102538,2023
1,6756,disk,4,2,BN,B,N,45.17829033,22.09876504,2023
1,6900,mound,5,2,BN,B,N,1.892364677,0.242613485,2023
1,6901,disk,4,2,BN,B,N,28.9106761,16.02902646,2023
1,7249,mound,5,2,BN,B,N,2.905681009,0.35603505,2023
1,7250,mound,5,2,BN,B,N,1.53025253,0.17140321,2023
1,7252,mound,5,2,BN,B,N,0.845688758,0.0225127,2023
2,7253,disk,4,2,BN,B,N,81.17115483,25.80160126,2023
1,9407,mound,5,3,BR,B,R,1.165146877,0.092082975,2023
1,11525,disk,4,3,UN,U,N,8.970354803,0.259913865,2023
1,13273,disk,4,1,UR,U,R,16.31955526,1.601644579,2023
1,14293,mound,5,1,UN,U,N,0.959164537,0.06561582,2023
1,14294,disk,4,1,UN,U,N,18.59978837,6.538166205,2023
1,16872,mound,5,1,BR,B,R,1.752289598,0.20111329,2023
1,16873,disk,4,1,BR,B,R,34.27493857,16.11921083,2023
1,20356,mound,5,1,BR,B,R,1.092112895,0.077349555,2023
1,20358,disk,4,1,BR,B,R,28.68139761,9.217377703,2023
1,21615,mound,5,5,BR,B,R,1.314639814,0.105802635,2023
1,21616,mound,5,5,BR,B,R,1.436091451,0.14458188,2023
1,21617,disk,4,5,BR,B,R,60.92090245,30.48740176,2023
1,21945,mound,5,5,BR,B,R,2.470860929,0.093476065,2023
1,21947,disk,4,5,BR,B,R,9.46520068,0.97133694,2023
1,21948,disk,4,5,BR,B,R,1.736631601,0.04063898,2023
1,22200,mound,5,5,BR,B,R,1.917745253,0.1029017,2023
1,22201,disk,4,5,BR,B,R,7.07385275,0.692567625,2023
1,22341,mound,5,5,BR,B,R,1.069905201,0.05562859,2023
1,22342,disk,4,5,BR,B,R,5.495323603,0.543979145,2023
1,22683,mound,5,5,BR,B,R,1.704822703,0.07002993,2023
1,22698,disk,4,5,BR,B,R,32.56868138,7.565121091,2023
1,22978,mound,5,5,BR,B,R,1.778952,0.105557115,2023
2,23022,mound,5,5,BR,B,R,1.775541972,0.17316336,2023
2,23024,disk,4,5,BR,B,R,138.9863602,66.91107329,2023
1,23518,mound,5,5,UN,U,N,1.921558182,0.09617568,2023
1,23519,disk,4,5,UN,U,N,15.69540381,1.87329745,2023
1,23751,mound,5,5,UN,U,N,1.399644707,0.06839133,2023
1,23752,disk,4,5,UN,U,N,12.07401896,2.25788358,2023
1,24325,mound,5,5,UN,U,N,1.513347699,0.07862103,2023
1,24333,disk,4,5,UN,U,N,15.5755892,2.661353725,2023
1,24420,mound,5,5,UN,U,N,1.975338711,0.098842525,2023
1,24482,disk,4,5,UN,U,N,13.38889106,3.3176401,2023
1,24683,mound,5,5,UN,U,N,1.040746095,0.069686425,2023
1,24684,mound,5,5,UN,U,N,1.884494277,0.2538539,2023
1,24686,disk,4,5,UN,U,N,40.43747148,22.05093492,2023
1,25800,mound,5,5,UR,U,R,1.465243589,0.148432115,2023
2,25801,disk,4,5,BR,B,R,38.96494881,8.794036443,2023
1,26189,mound,5,5,UR,U,R,1.820802553,0.192896945,2023
1,26190,mound,5,5,UR,U,R,0.892778782,0.050870205,2023
1,26191,mound,5,5,UR,U,R,0.886803745,0.051687985,2023
1,26196,disk,4,5,UR,U,R,146.8435063,47.4091786,2023
1,26212,mound,5,5,UR,U,R,1.480957888,0.05772089,2023
1,26213,disk,4,5,UR,U,R,16.30311809,2.015668439,2023
1,26573,mound,5,5,UR,U,R,1.288125637,0.084296705,2023
1,26574,disk,4,5,UR,U,R,6.120081533,0.826296735,2023
1,26782,mound,5,5,UR,U,R,2.317363276,0.144577305,2023
1,26804,mound,5,5,UR,U,R,1.11050909,0.05527822,2023
1,26806,mound,5,5,UR,U,R,0.987217542,0.050525935,2023
1,26809,disk,4,5,UR,U,R,12.80617746,2.287693215,2023
1,26813,disk,4,5,UR,U,R,13.71433179,2.195143683,2023
1,27256,mound,5,5,UR,U,R,1.111889326,0.084670695,2023
1,27285,disk,4,5,UR,U,R,26.15939789,7.719001631,2023
1,27735,mound,5,5,UR,U,R,1.355079438,0.056323995,2023
1,27736,disk,4,5,UR,U,R,8.346584509,1.36192245,2023
1,27996,mound,5,5,UR,U,R,1.31162619,0.06640846,2023
1,27997,disk,4,5,UR,U,R,11.95012193,1.231221455,2023
1,28976,mound,5,5,BN,B,N,0.955918133,0.053292295,2023
1,28977,disk,4,5,BN,B,N,25.05765445,13.00293641,2023
1,29668,disk,4,3,UR,U,R,0.281464296,0.002452725,2023
1,29718,mound,5,3,UR,U,R,1.304653442,0.052962505,2023
1,29719,disk,4,3,UR,U,R,6.21655445,0.57409264,2023
1,31558,mound,5,3,UR,U,R,1.944367611,0.25049394,2023
1,31561,disk,4,3,UR,U,R,66.44142886,41.50621438,2023
1,33179,mound,5,4,UR,U,R,4.116484455,0.258616851,2023
1,33180,disk,4,4,UR,U,R,31.69939898,6.253427994,2023
1,33526,mound,5,4,UR,U,R,2.077070115,0.09579483,2023
1,33527,disk,4,4,UR,U,R,25.46383936,5.094997001,2023
1,33829,mound,5,4,UN,U,N,2.725902704,0.4708779,2023
2,33831,disk,4,4,UR,U,R,102.7014882,35.28661862,2023
1,33860,mound,5,4,UN,U,N,2.040866017,0.125766425,2023
2,33861,disk,4,4,UR,U,R,15.52033507,2.054953891,2023
1,34326,mound,5,4,UR,U,R,1.607143819,0.064004645,2023
1,34327,disk,4,4,UR,U,R,20.39707614,4.081896839,2023
1,35328,mound,5,4,BN,B,N,1.682151977,0.191161875,2023
1,35329,disk,4,4,BN,B,N,22.01030898,7.608944869,2023
1,36563,mound,5,4,BN,B,N,1.533510158,0.08002707,2023
1,36587,disk,4,4,BN,B,N,12.15664793,1.603712831,2023
1,36698,mound,5,4,BN,B,N,1.107897117,0.08002859,2023
1,36699,disk,4,4,BN,B,N,24.17584313,8.973313516,2023
1,39379,disk,4,4,UN,U,N,7.725145975,0.856659915,2023
1,39758,mound,5,4,BR,B,R,1.185481869,0.086049305,2023
1,39760,disk,4,4,BR,B,R,63.13025162,27.53163637,2023
1,40841,mound,5,4,BR,B,R,0.934203554,0.058868465,2023
1,40843,mound,5,4,BR,B,R,1.906783687,0.203327965,2023
1,40844,mound,5,4,BR,B,R,1.802263119,0.209388305,2023
1,40845,disk,4,4,BR,B,R,41.59314148,24.51908066,2023
1,41454,mound,5,3,BN,B,N,1.459369624,0.142468245,2023
1,41455,disk,4,3,BN,B,N,54.24523134,19.87277987,2023
1,41946,mound,5,3,BN,B,N,1.355035481,0.1284447,2023
1,41963,mound,5,3,BN,B,N,1.156809652,0.084995915,2023
1,41965,disk,4,3,BN,B,N,17.71721059,5.71163379,2023
1,42095,mound,5,3,BN,B,N,2.610650327,0.301931835,2023
1,42097,mound,5,3,BN,B,N,3.548857223,0.350701355,2023
1,42098,disk,4,3,BN,B,N,46.42661216,19.03687791,2023
1,42392,mound,5,3,BN,B,N,2.063365533,0.267331085,2023
1,42394,disk,4,3,BN,B,N,34.414021,13.63452651,2023
2,42774,disk,4,3,BR,B,R,75.03001276,33.50392474,2023
2,42942,disk,4,3,UR,U,R,31.96764745,10.70551174,2023
